{
    "agent": "ppo",
    "batch_size": 16,
    "update_frequency": 2,
    "learning_rate": 0.002013150053725916,
    "subsampling_fraction": 0.9131375430837279,
    "likelihood_ratio_clipping": 0.09955676846552193,
    "discount": 0.9985351346308641,
    "l2_regularization": 0.0,
    "entropy_regularization": 0.0011393096635237982,
    "exploration": 0.5,
    "variable_noise": 0.0
}
